Date,Target
2016-01-01,2584.0
2016-01-02,3352.0
2016-01-03,2863.0
2016-01-04,6076.0
2016-01-05,4539.0
2016-01-06,4539.0
2016-01-07,5377.0
2016-01-08,5028.0
2016-01-09,3492.0
2016-01-10,2724.0
2016-01-11,5796.0
2016-01-12,5657.0
2016-01-13,5517.0
2016-01-14,6704.0
2016-01-15,6355.0
2016-01-16,3911.0
2016-01-17,2863.0
2016-01-18,5098.0
2016-01-19,5517.0
2016-01-20,4819.0
2016-01-21,6634.0
2016-01-22,5657.0
2016-01-23,3492.0
2016-01-24,2724.0
2016-01-25,6285.0
2016-01-26,6355.0
2016-01-27,5796.0
2016-01-28,6006.0
2016-01-29,6146.0
2016-01-30,4051.0
2016-01-31,3771.0
2016-02-01,6704.0
2016-02-02,5377.0
2016-02-03,5028.0
2016-02-04,6495.0
2016-02-05,5447.0
2016-02-06,3212.0
2016-02-07,3282.0
2016-02-08,5098.0
2016-02-09,4749.0
2016-02-10,5447.0
2016-02-11,5028.0
2016-02-12,5796.0
2016-02-13,4120.0
2016-02-14,3143.0
2016-02-15,6076.0
2016-02-16,6914.0
2016-02-17,6495.0
2016-02-18,6634.0
2016-02-19,5308.0
2016-02-20,3562.0
2016-02-21,2724.0
2016-02-22,5866.0
2016-02-23,5587.0
2016-02-24,5238.0
2016-02-25,6076.0
2016-02-26,5936.0
2016-02-27,3352.0
2016-02-28,2584.0
2016-02-29,6076.0
2016-03-01,6774.0
2016-03-02,5377.0
2016-03-03,6634.0
2016-03-04,5168.0
2016-03-05,4470.0
2016-03-06,3073.0
2016-03-07,5657.0
2016-03-08,5308.0
2016-03-09,4958.0
2016-03-10,6425.0
2016-03-11,5308.0
2016-03-12,3911.0
2016-03-13,3003.0
2016-03-14,5657.0
2016-03-15,5657.0
2016-03-16,6425.0
2016-03-17,6565.0
2016-03-18,5238.0
2016-03-19,3562.0
2016-03-20,3073.0
2016-03-21,6076.0
2016-03-22,6634.0
2016-03-23,5308.0
2016-03-24,6844.0
2016-03-25,4051.0
2016-03-26,3771.0
2016-03-27,2235.0
2016-03-28,6634.0
2016-03-29,5657.0
2016-03-30,4958.0
2016-03-31,6634.0
2016-04-01,5028.0
2016-04-02,3701.0
2016-04-03,2933.0
2016-04-04,5866.0
2016-04-05,5308.0
2016-04-06,4539.0
2016-04-07,5796.0
2016-04-08,5377.0
2016-04-09,3701.0
2016-04-10,3212.0
2016-04-11,5098.0
2016-04-12,5028.0
2016-04-13,4958.0
2016-04-14,5866.0
2016-04-15,5377.0
2016-04-16,4609.0
2016-04-17,8101.0
2016-04-18,5796.0
2016-04-19,5587.0
2016-04-20,5098.0
2016-04-21,5168.0
2016-04-22,5028.0
2016-04-23,2724.0
2016-04-24,2095.0
2016-04-25,5238.0
2016-04-26,4819.0
2016-04-27,5098.0
2016-04-28,5517.0
2016-04-29,4470.0
2016-04-30,3143.0
2016-05-01,2444.0
2016-05-02,5517.0
2016-05-03,4539.0
2016-05-04,4958.0
2016-05-05,5447.0
2016-05-06,4889.0
2016-05-07,2863.0
2016-05-08,2095.0
2016-05-09,4889.0
2016-05-10,4819.0
2016-05-11,4958.0
2016-05-12,5377.0
2016-05-13,4819.0
2016-05-14,2374.0
2016-05-15,2444.0
2016-05-16,4190.0
2016-05-17,3562.0
2016-05-18,3701.0
2016-05-19,3701.0
2016-05-20,3562.0
2016-05-21,3212.0
2016-05-22,2793.0
2016-05-23,5587.0
2016-05-24,4889.0
2016-05-25,3771.0
2016-05-26,4679.0
2016-05-27,4539.0
2016-05-28,3422.0
2016-05-29,1606.0
2016-05-30,2933.0
2016-05-31,4889.0
2016-06-01,5657.0
2016-06-02,6565.0
2016-06-03,5098.0
2016-06-04,3771.0
2016-06-05,2654.0
2016-06-06,5308.0
2016-06-07,5168.0
2016-06-08,4051.0
2016-06-09,4889.0
2016-06-10,5098.0
2016-06-11,2724.0
2016-06-12,2444.0
2016-06-13,5377.0
2016-06-14,5168.0
2016-06-15,5657.0
2016-06-16,5447.0
2016-06-17,4958.0
2016-06-18,2933.0
2016-06-19,2025.0
2016-06-20,6076.0
2016-06-21,5098.0
2016-06-22,6146.0
2016-06-23,5377.0
2016-06-24,3771.0
2016-06-25,3073.0
2016-06-26,1886.0
2016-06-27,5587.0
2016-06-28,5517.0
2016-06-29,6146.0
2016-06-30,6704.0
2016-07-01,6215.0
2016-07-02,3003.0
2016-07-03,2165.0
2016-07-04,2374.0
2016-07-05,5727.0
2016-07-06,4958.0
2016-07-07,6355.0
2016-07-08,4330.0
2016-07-09,3003.0
2016-07-10,2095.0
2016-07-11,4958.0
2016-07-12,4330.0
2016-07-13,4260.0
2016-07-14,5727.0
2016-07-15,5308.0
2016-07-16,3073.0
2016-07-17,3352.0
2016-07-18,6006.0
2016-07-19,5657.0
2016-07-20,5028.0
2016-07-21,5727.0
2016-07-22,4330.0
2016-07-23,2793.0
2016-07-24,2584.0
2016-07-25,6146.0
2016-07-26,5866.0
2016-07-27,5028.0
2016-07-28,5866.0
2016-07-29,5587.0
2016-07-30,3073.0
2016-07-31,2514.0
2016-08-01,6774.0
2016-08-02,5377.0
2016-08-03,5098.0
2016-08-04,5866.0
2016-08-05,5866.0
2016-08-06,2933.0
2016-08-07,3073.0
2016-08-08,6076.0
2016-08-09,5098.0
2016-08-10,5238.0
2016-08-11,5936.0
2016-08-12,5866.0
2016-08-13,3352.0
2016-08-14,4120.0
2016-08-15,6215.0
2016-08-16,5028.0
2016-08-17,4470.0
2016-08-18,5936.0
2016-08-19,5727.0
2016-08-20,3422.0
2016-08-21,2724.0
2016-08-22,5028.0
2016-08-23,4889.0
2016-08-24,4819.0
2016-08-25,5727.0
2016-08-26,5727.0
2016-08-27,3143.0
2016-08-28,1886.0
2016-08-29,4958.0
2016-08-30,5796.0
2016-08-31,6006.0
2016-09-01,6285.0
2016-09-02,4609.0
2016-09-03,3492.0
2016-09-04,2235.0
2016-09-05,3212.0
2016-09-06,5936.0
2016-09-07,5377.0
2016-09-08,5098.0
2016-09-09,5936.0
2016-09-10,3771.0
2016-09-11,2374.0
2016-09-12,5308.0
2016-09-13,3911.0
2016-09-14,4400.0
2016-09-15,7472.0
2016-09-16,5587.0
2016-09-17,2724.0
2016-09-18,3422.0
2016-09-19,5517.0
2016-09-20,4470.0
2016-09-21,4679.0
2016-09-22,6285.0
2016-09-23,5936.0
2016-09-24,2933.0
2016-09-25,2305.0
2016-09-26,6006.0
2016-09-27,5098.0
2016-09-28,5238.0
2016-09-29,6076.0
2016-09-30,5168.0
2016-10-01,3073.0
2016-10-02,2514.0
2016-10-03,6006.0
2016-10-04,3981.0
2016-10-05,4749.0
2016-10-06,5238.0
2016-10-07,4889.0
2016-10-08,2584.0
2016-10-09,2514.0
2016-10-10,4819.0
2016-10-11,5098.0
2016-10-12,4889.0
2016-10-13,6146.0
2016-10-14,4400.0
2016-10-15,3212.0
2016-10-16,2095.0
2016-10-17,4819.0
2016-10-18,3981.0
2016-10-19,5308.0
2016-10-20,5168.0
2016-10-21,4051.0
2016-10-22,3003.0
2016-10-23,2514.0
2016-10-24,5028.0
2016-10-25,4260.0
2016-10-26,4539.0
2016-10-27,5098.0
2016-10-28,4749.0
2016-10-29,3282.0
2016-10-30,3352.0
2016-10-31,5238.0
2016-11-01,4749.0
2016-11-02,4889.0
2016-11-03,5168.0
2016-11-04,5238.0
2016-11-05,3073.0
2016-11-06,2793.0
2016-11-07,4889.0
2016-11-08,4400.0
2016-11-09,4470.0
2016-11-10,5657.0
2016-11-11,4609.0
2016-11-12,3771.0
2016-11-13,2724.0
2016-11-14,5936.0
2016-11-15,5447.0
2016-11-16,5098.0
2016-11-17,5727.0
2016-11-18,5098.0
2016-11-19,2654.0
2016-11-20,2654.0
2016-11-21,5517.0
2016-11-22,5866.0
2016-11-23,4679.0
2016-11-24,2165.0
2016-11-25,4539.0
2016-11-26,3073.0
2016-11-27,2863.0
2016-11-28,5098.0
2016-11-29,5657.0
2016-11-30,7333.0
2016-12-01,6495.0
2016-12-02,4819.0
2016-12-03,3771.0
2016-12-04,2305.0
2016-12-05,5168.0
2016-12-06,4819.0
2016-12-07,5727.0
2016-12-08,5796.0
2016-12-09,5168.0
2016-12-10,3422.0
2016-12-11,3003.0
2016-12-12,6285.0
2016-12-13,6774.0
2016-12-14,6215.0
2016-12-15,6006.0
2016-12-16,5308.0
2016-12-17,4749.0
2016-12-18,3143.0
2016-12-19,5168.0
2016-12-20,5028.0
2016-12-21,4539.0
2016-12-22,6355.0
2016-12-23,4470.0
2016-12-24,2095.0
2016-12-25,2374.0
2016-12-26,4749.0
2016-12-27,5866.0
2016-12-28,7333.0
2016-12-29,6914.0
2016-12-30,5936.0
2016-12-31,3981.0
2017-01-01,3771.0
2017-01-02,5727.0
2017-01-03,7123.0
2017-01-04,5936.0
2017-01-05,7263.0
2017-01-06,5866.0
2017-01-07,3771.0
2017-01-08,3282.0
2017-01-09,5936.0
2017-01-10,6425.0
2017-01-11,7333.0
2017-01-12,6355.0
2017-01-13,6006.0
2017-01-14,4120.0
2017-01-15,4051.0
2017-01-16,6704.0
2017-01-17,6914.0
2017-01-18,5447.0
2017-01-19,8101.0
2017-01-20,5796.0
2017-01-21,4470.0
2017-01-22,2793.0
2017-01-23,5796.0
2017-01-24,5727.0
2017-01-25,5308.0
2017-01-26,6914.0
2017-01-27,6146.0
2017-01-28,3701.0
2017-01-29,3422.0
2017-01-30,6355.0
2017-01-31,6634.0
2017-02-01,7682.0
2017-02-02,7403.0
2017-02-03,6285.0
2017-02-04,4120.0
2017-02-05,3911.0
2017-02-06,5238.0
2017-02-07,6076.0
2017-02-08,6355.0
2017-02-09,6914.0
2017-02-10,5866.0
2017-02-11,3492.0
2017-02-12,3422.0
2017-02-13,6006.0
2017-02-14,5866.0
2017-02-15,6146.0
2017-02-16,6634.0
2017-02-17,5377.0
2017-02-18,4400.0
2017-02-19,3212.0
2017-02-20,5028.0
2017-02-21,5866.0
2017-02-22,8590.0
2017-02-23,7193.0
2017-02-24,5587.0
2017-02-25,3422.0
2017-02-26,3701.0
2017-02-27,6146.0
2017-02-28,7403.0
2017-03-01,7053.0
2017-03-02,6076.0
2017-03-03,6495.0
2017-03-04,3701.0
2017-03-05,2654.0
2017-03-06,5657.0
2017-03-07,4679.0
2017-03-08,6076.0
2017-03-09,5447.0
2017-03-10,5517.0
2017-03-11,4470.0
2017-03-12,2793.0
2017-03-13,4889.0
2017-03-14,5238.0
2017-03-15,5936.0
2017-03-16,4400.0
2017-03-17,4539.0
2017-03-18,3143.0
2017-03-19,2654.0
2017-03-20,5168.0
2017-03-21,5447.0
2017-03-22,5727.0
2017-03-23,6355.0
2017-03-24,5866.0
2017-03-25,3492.0
2017-03-26,2863.0
2017-03-27,6844.0
2017-03-28,8031.0
2017-03-29,7891.0
2017-03-30,6146.0
2017-03-31,5796.0
2017-04-01,3492.0
2017-04-02,3562.0
2017-04-03,6774.0
2017-04-04,4958.0
2017-04-05,4958.0
2017-04-06,5657.0
2017-04-07,4819.0
2017-04-08,2793.0
2017-04-09,1886.0
2017-04-10,4190.0
2017-04-11,4749.0
2017-04-12,5028.0
2017-04-13,5727.0
2017-04-14,4889.0
2017-04-15,3003.0
2017-04-16,1955.0
2017-04-17,5866.0
2017-04-18,5517.0
2017-04-19,5168.0
2017-04-20,5028.0
2017-04-21,4749.0
2017-04-22,2444.0
2017-04-23,2514.0
2017-04-24,4889.0
2017-04-25,3352.0
2017-04-26,4051.0
2017-04-27,5168.0
2017-04-28,5238.0
2017-04-29,2514.0
2017-04-30,1746.0
2017-05-01,5587.0
2017-05-02,6285.0
2017-05-03,5936.0
2017-05-04,5168.0
2017-05-05,3701.0
2017-05-06,2793.0
2017-05-07,2025.0
2017-05-08,4819.0
2017-05-09,5028.0
2017-05-10,4819.0
2017-05-11,4958.0
2017-05-12,4539.0
2017-05-13,2374.0
2017-05-14,2863.0
2017-05-15,5238.0
2017-05-16,5587.0
2017-05-17,4470.0
2017-05-18,4889.0
2017-05-19,4260.0
2017-05-20,2025.0
2017-05-21,2444.0
2017-05-22,4889.0
2017-05-23,5727.0
2017-05-24,3631.0
2017-05-25,5447.0
2017-05-26,3911.0
2017-05-27,2514.0
2017-05-28,1467.0
2017-05-29,2724.0
2017-05-30,4819.0
2017-05-31,4120.0
2017-06-01,6215.0
2017-06-02,4609.0
2017-06-03,2584.0
2017-06-04,2584.0
2017-06-05,4819.0
2017-06-06,4330.0
2017-06-07,4400.0
2017-06-08,4470.0
2017-06-09,4609.0
2017-06-10,2025.0
2017-06-11,1257.0
2017-06-12,4609.0
2017-06-13,3073.0
2017-06-14,3981.0
2017-06-15,4120.0
2017-06-16,4400.0
2017-06-17,2514.0
2017-06-18,2025.0
2017-06-19,4609.0
2017-06-20,3771.0
2017-06-21,4120.0
2017-06-22,4749.0
2017-06-23,3911.0
2017-06-24,2165.0
2017-06-25,2235.0
2017-06-26,5238.0
2017-06-27,4190.0
2017-06-28,4400.0
2017-06-29,5028.0
2017-06-30,5308.0
2017-07-01,3282.0
2017-07-02,2235.0
2017-07-03,3911.0
2017-07-04,2793.0
2017-07-05,5727.0
2017-07-06,5028.0
2017-07-07,4470.0
2017-07-08,3143.0
2017-07-09,1886.0
2017-07-10,4470.0
2017-07-11,5028.0
2017-07-12,4400.0
2017-07-13,4470.0
2017-07-14,6146.0
2017-07-15,2584.0
2017-07-16,2165.0
2017-07-17,5377.0
2017-07-18,5657.0
2017-07-19,5727.0
2017-07-20,5517.0
2017-07-21,5168.0
2017-07-22,2933.0
2017-07-23,2793.0
2017-07-24,7193.0
2017-07-25,6146.0
2017-07-26,5587.0
2017-07-27,5447.0
2017-07-28,4539.0
2017-07-29,3631.0
2017-07-30,2165.0
2017-07-31,6215.0
2017-08-01,5936.0
2017-08-02,6006.0
2017-08-03,6285.0
2017-08-04,4958.0
2017-08-05,3073.0
2017-08-06,2305.0
2017-08-07,7961.0
2017-08-08,4958.0
2017-08-09,5727.0
2017-08-10,6146.0
2017-08-11,5238.0
2017-08-12,3492.0
2017-08-13,2165.0
2017-08-14,5796.0
2017-08-15,6076.0
2017-08-16,6425.0
2017-08-17,4889.0
2017-08-18,4819.0
2017-08-19,3562.0
2017-08-20,2793.0
2017-08-21,6285.0
2017-08-22,6285.0
2017-08-23,5098.0
2017-08-24,4819.0
2017-08-25,3631.0
2017-08-26,1536.0
2017-08-27,1536.0
2017-08-28,3282.0
2017-08-29,4609.0
2017-08-30,6704.0
2017-08-31,6146.0
2017-09-01,6565.0
2017-09-02,5796.0
2017-09-03,3911.0
2017-09-04,4330.0
2017-09-05,7472.0
2017-09-06,6565.0
2017-09-07,6425.0
2017-09-08,4609.0
2017-09-09,3631.0
2017-09-10,3352.0
2017-09-11,6425.0
2017-09-12,6704.0
2017-09-13,6844.0
2017-09-14,6704.0
2017-09-15,5308.0
2017-09-16,3701.0
2017-09-17,2863.0
2017-09-18,5657.0
2017-09-19,5796.0
2017-09-20,7333.0
2017-09-21,8031.0
2017-09-22,6285.0
2017-09-23,3212.0
2017-09-24,3073.0
2017-09-25,5657.0
2017-09-26,5796.0
2017-09-27,7682.0
2017-09-28,7193.0
2017-09-29,6146.0
2017-09-30,3492.0
2017-10-01,4400.0
2017-10-02,6215.0
2017-10-03,6844.0
2017-10-04,6076.0
2017-10-05,6215.0
2017-10-06,4190.0
2017-10-07,2793.0
2017-10-08,2514.0
2017-10-09,4749.0
2017-10-10,5377.0
2017-10-11,6215.0
2017-10-12,5936.0
2017-10-13,5936.0
2017-10-14,3771.0
2017-10-15,2444.0
2017-10-16,5936.0
2017-10-17,5866.0
2017-10-18,6076.0
2017-10-19,6006.0
2017-10-20,6076.0
2017-10-21,2933.0
2017-10-22,3003.0
2017-10-23,5238.0
2017-10-24,5098.0
2017-10-25,5377.0
2017-10-26,6565.0
2017-10-27,6914.0
2017-10-28,3492.0
2017-10-29,2863.0
2017-10-30,6355.0
2017-10-31,4819.0
2017-11-01,7542.0
2017-11-02,6425.0
2017-11-03,5517.0
2017-11-04,3841.0
2017-11-05,3212.0
2017-11-06,6215.0
2017-11-07,5866.0
2017-11-08,6006.0
2017-11-09,6495.0
2017-11-10,6704.0
2017-11-11,3562.0
2017-11-12,3422.0
2017-11-13,6704.0
2017-11-14,6076.0
2017-11-15,5936.0
2017-11-16,6076.0
2017-11-17,6565.0
2017-11-18,2863.0
2017-11-19,3212.0
2017-11-20,6565.0
2017-11-21,6215.0
2017-11-22,5796.0
2017-11-23,2025.0
2017-11-24,4889.0
2017-11-25,4190.0
2017-11-26,3841.0
2017-11-27,7403.0
2017-11-28,6565.0
2017-11-29,7752.0
2017-11-30,8450.0
2017-12-01,6774.0
2017-12-02,4470.0
2017-12-03,3003.0
2017-12-04,6984.0
2017-12-05,6355.0
2017-12-06,6774.0
2017-12-07,6215.0
2017-12-08,5796.0
2017-12-09,3492.0
2017-12-10,3212.0
2017-12-11,6914.0
2017-12-12,6704.0
2017-12-13,6704.0
2017-12-14,6634.0
2017-12-15,5727.0
2017-12-16,3981.0
2017-12-17,2584.0
2017-12-18,5936.0
2017-12-19,4679.0
2017-12-20,6355.0
2017-12-21,7403.0
2017-12-22,4958.0
2017-12-23,3352.0
2017-12-24,2165.0
2017-12-25,2025.0
2017-12-26,5098.0
2017-12-27,6355.0
2017-12-28,7193.0
2017-12-29,6565.0
2017-12-30,2863.0
2017-12-31,2584.0
2018-01-01,3143.0
2018-01-02,7193.0
2018-01-03,7822.0
2018-01-04,8939.0
2018-01-05,7123.0
2018-01-06,3771.0
2018-01-07,2933.0
2018-01-08,6844.0
2018-01-09,5587.0
2018-01-10,6984.0
2018-01-11,6146.0
2018-01-12,5796.0
2018-01-13,3841.0
2018-01-14,3841.0
2018-01-15,5936.0
2018-01-16,6285.0
2018-01-17,6774.0
2018-01-18,7891.0
2018-01-19,6006.0
2018-01-20,3492.0
2018-01-21,3841.0
2018-01-22,6774.0
2018-01-23,6425.0
2018-01-24,5796.0
2018-01-25,7682.0
2018-01-26,6006.0
2018-01-27,3562.0
2018-01-28,3073.0
2018-01-29,5866.0
2018-01-30,6495.0
2018-01-31,7612.0
2018-02-01,7961.0
2018-02-02,6355.0
2018-02-03,4051.0
2018-02-04,3003.0
2018-02-05,7053.0
2018-02-06,7891.0
2018-02-07,6914.0
2018-02-08,9218.0
2018-02-09,6984.0
2018-02-10,3562.0
2018-02-11,3911.0
2018-02-12,7612.0
2018-02-13,6495.0
2018-02-14,8031.0
2018-02-15,8590.0
2018-02-16,7542.0
2018-02-17,4819.0
2018-02-18,3422.0
2018-02-19,7542.0
2018-02-20,7891.0
2018-02-21,8101.0
2018-02-22,9498.0
2018-02-23,6774.0
2018-02-24,3562.0
2018-02-25,3771.0
2018-02-26,5936.0
2018-02-27,6285.0
2018-02-28,7053.0
2018-03-01,7542.0
2018-03-02,6215.0
2018-03-03,3701.0
2018-03-04,3771.0
2018-03-05,6215.0
2018-03-06,6425.0
2018-03-07,6355.0
2018-03-08,7682.0
2018-03-09,6634.0
2018-03-10,3981.0
2018-03-11,3562.0
2018-03-12,5587.0
2018-03-13,5517.0
2018-03-14,5377.0
2018-03-15,6146.0
2018-03-16,5936.0
2018-03-17,3911.0
2018-03-18,3701.0
2018-03-19,6774.0
2018-03-20,6774.0
2018-03-21,6285.0
2018-03-22,6285.0
2018-03-23,7123.0
2018-03-24,3073.0
2018-03-25,3003.0
2018-03-26,6006.0
2018-03-27,6076.0
2018-03-28,6634.0
2018-03-29,6425.0
2018-03-30,5377.0
2018-03-31,3701.0
2018-04-01,2654.0
2018-04-02,7472.0
2018-04-03,6774.0
2018-04-04,5796.0
2018-04-05,6565.0
2018-04-06,6355.0
2018-04-07,3492.0
2018-04-08,2444.0
2018-04-09,6914.0
2018-04-10,5657.0
2018-04-11,6495.0
2018-04-12,6146.0
2018-04-13,6914.0
2018-04-14,3841.0
2018-04-15,3282.0
2018-04-16,6495.0
2018-04-17,5796.0
2018-04-18,6495.0
2018-04-19,7053.0
2018-04-20,7123.0
2018-04-21,3492.0
2018-04-22,2863.0
2018-04-23,6844.0
2018-04-24,5866.0
2018-04-25,5168.0
2018-04-26,6215.0
2018-04-27,7263.0
2018-04-28,4051.0
2018-04-29,3282.0
2018-04-30,7822.0
2018-05-01,7333.0
2018-05-02,6285.0
2018-05-03,7263.0
2018-05-04,6565.0
2018-05-05,4190.0
2018-05-06,3352.0
2018-05-07,7053.0
2018-05-08,5727.0
2018-05-09,6565.0
2018-05-10,5866.0
2018-05-11,6425.0
2018-05-12,3422.0
2018-05-13,2514.0
2018-05-14,7053.0
2018-05-15,5377.0
2018-05-16,5098.0
2018-05-17,7123.0
2018-05-18,5098.0
2018-05-19,3143.0
2018-05-20,3282.0
2018-05-21,6355.0
2018-05-22,6285.0
2018-05-23,5866.0
2018-05-24,7542.0
2018-05-25,5517.0
2018-05-26,2933.0
2018-05-27,3143.0
2018-05-28,3492.0
2018-05-29,7822.0
2018-05-30,9777.0
2018-05-31,7891.0
2018-06-01,7263.0
2018-06-02,4679.0
2018-06-03,3143.0
2018-06-04,6984.0
2018-06-05,6634.0
2018-06-06,6984.0
2018-06-07,7333.0
2018-06-08,5727.0
2018-06-09,3212.0
2018-06-10,2933.0
2018-06-11,6565.0
2018-06-12,6006.0
2018-06-13,6565.0
2018-06-14,6355.0
2018-06-15,6634.0
2018-06-16,3841.0
2018-06-17,3003.0
2018-06-18,6425.0
2018-06-19,5796.0
2018-06-20,6774.0
2018-06-21,6355.0
2018-06-22,5587.0
2018-06-23,3073.0
2018-06-24,3143.0
2018-06-25,6844.0
2018-06-26,5308.0
2018-06-27,6704.0
2018-06-28,8311.0
2018-06-29,7263.0
2018-06-30,5168.0
2018-07-01,3911.0
2018-07-02,7822.0
2018-07-03,8450.0
2018-07-04,5587.0
2018-07-05,8101.0
2018-07-06,8450.0
2018-07-07,4679.0
2018-07-08,2863.0
2018-07-09,6844.0
2018-07-10,6285.0
2018-07-11,6355.0
2018-07-12,7123.0
2018-07-13,6704.0
2018-07-14,3981.0
2018-07-15,3352.0
2018-07-16,7263.0
2018-07-17,6006.0
2018-07-18,6914.0
2018-07-19,8101.0
2018-07-20,7193.0
2018-07-21,4120.0
2018-07-22,2724.0
2018-07-23,6006.0
2018-07-24,6355.0
2018-07-25,7263.0
2018-07-26,7612.0
2018-07-27,7822.0
2018-07-28,4749.0
2018-07-29,3143.0
2018-07-30,7263.0
2018-07-31,7123.0
2018-08-01,7053.0
2018-08-02,6355.0
2018-08-03,6076.0
2018-08-04,2863.0
2018-08-05,3143.0
2018-08-06,7263.0
2018-08-07,6495.0
2018-08-08,6355.0
2018-08-09,6844.0
2018-08-10,6146.0
2018-08-11,3771.0
2018-08-12,3073.0
2018-08-13,6495.0
2018-08-14,5587.0
2018-08-15,6565.0
2018-08-16,6565.0
2018-08-17,5447.0
2018-08-18,3771.0
2018-08-19,2863.0
2018-08-20,7123.0
2018-08-21,6774.0
2018-08-22,5727.0
2018-08-23,6774.0
2018-08-24,7123.0
2018-08-25,4819.0
2018-08-26,3143.0
2018-08-27,7542.0
2018-08-28,5517.0
2018-08-29,6495.0
2018-08-30,7682.0
2018-08-31,6215.0
2018-09-01,4330.0
2018-09-02,2724.0
2018-09-03,3701.0
2018-09-04,7123.0
2018-09-05,7612.0
2018-09-06,7123.0
2018-09-07,6425.0
2018-09-08,3562.0
2018-09-09,3492.0
2018-09-10,6704.0
2018-09-11,6076.0
2018-09-12,6146.0
2018-09-13,7193.0
2018-09-14,6285.0
2018-09-15,3771.0
2018-09-16,3981.0
2018-09-17,6355.0
2018-09-18,6076.0
2018-09-19,7123.0
2018-09-20,6425.0
2018-09-21,5727.0
2018-09-22,3492.0
2018-09-23,2933.0
2018-09-24,6565.0
2018-09-25,6844.0
2018-09-26,5377.0
2018-09-27,5238.0
2018-09-28,5028.0
2018-09-29,4190.0
2018-09-30,3003.0
2018-10-01,7403.0
2018-10-02,6215.0
2018-10-03,6565.0
2018-10-04,6634.0
2018-10-05,5587.0
2018-10-06,3981.0
2018-10-07,2933.0
2018-10-08,5517.0
2018-10-09,5727.0
2018-10-10,7263.0
2018-10-11,7403.0
2018-10-12,5866.0
2018-10-13,4190.0
2018-10-14,2933.0
2018-10-15,6215.0
2018-10-16,5587.0
2018-10-17,6146.0
2018-10-18,5587.0
2018-10-19,5377.0
2018-10-20,3352.0
2018-10-21,3631.0
2018-10-22,5238.0
2018-10-23,5796.0
2018-10-24,6634.0
2018-10-25,6634.0
2018-10-26,6774.0
2018-10-27,4190.0
2018-10-28,3352.0
2018-10-29,5866.0
2018-10-30,7053.0
2018-10-31,6006.0
2018-11-01,7542.0
2018-11-02,7053.0
2018-11-03,5308.0
2018-11-04,4330.0
2018-11-05,8380.0
2018-11-06,6774.0
2018-11-07,7542.0
2018-11-08,8869.0
2018-11-09,5727.0
2018-11-10,4958.0
2018-11-11,3492.0
2018-11-12,7612.0
2018-11-13,9568.0
2018-11-14,9079.0
2018-11-15,16691.0
2018-11-16,9079.0
2018-11-17,5866.0
2018-11-18,4749.0
2018-11-19,8869.0
2018-11-20,7682.0
2018-11-21,8799.0
2018-11-22,3771.0
2018-11-23,6774.0
2018-11-24,4749.0
2018-11-25,4889.0
2018-11-26,10056.0
2018-11-27,9218.0
2018-11-28,7822.0
2018-11-29,7891.0
2018-11-30,7612.0
2018-12-01,5238.0
2018-12-02,4819.0
2018-12-03,7612.0
2018-12-04,7263.0
2018-12-05,6704.0
2018-12-06,7403.0
2018-12-07,6285.0
2018-12-08,3911.0
2018-12-09,3911.0
2018-12-10,8101.0
2018-12-11,8241.0
2018-12-12,7961.0
2018-12-13,8660.0
2018-12-14,8380.0
2018-12-15,5377.0
2018-12-16,4470.0
2018-12-17,7822.0
2018-12-18,10056.0
2018-12-19,9149.0
2018-12-20,8869.0
2018-12-21,6704.0
2018-12-22,4819.0
2018-12-23,3073.0
2018-12-24,4190.0
2018-12-25,2933.0
2018-12-26,7542.0
2018-12-27,7053.0
2018-12-28,6634.0
2018-12-29,3631.0
2018-12-30,3701.0
2018-12-31,5796.0
2019-01-01,4539.0
2019-01-02,8590.0
2019-01-03,8101.0
2019-01-04,7682.0
2019-01-05,4609.0
2019-01-06,3562.0
2019-01-07,8590.0
2019-01-08,6774.0
2019-01-09,9009.0
2019-01-10,8380.0
2019-01-11,6984.0
2019-01-12,4539.0
2019-01-13,4260.0
2019-01-14,7612.0
2019-01-15,7752.0
2019-01-16,7752.0
2019-01-17,8380.0
2019-01-18,7682.0
2019-01-19,3701.0
2019-01-20,4400.0
2019-01-21,6355.0
2019-01-22,6774.0
2019-01-23,7891.0
2019-01-24,6355.0
2019-01-25,6984.0
2019-01-26,4609.0
2019-01-27,3352.0
2019-01-28,6355.0
2019-01-29,5866.0
2019-01-30,7822.0
2019-01-31,8939.0
2019-02-01,7682.0
2019-02-02,5796.0
2019-02-03,3841.0
2019-02-04,6704.0
2019-02-05,8590.0
2019-02-06,7822.0
2019-02-07,8799.0
2019-02-08,7263.0
2019-02-09,4819.0
2019-02-10,2793.0
2019-02-11,7542.0
2019-02-12,7961.0
2019-02-13,8380.0
2019-02-14,8101.0
2019-02-15,7123.0
2019-02-16,5308.0
2019-02-17,3841.0
2019-02-18,6285.0
2019-02-19,6984.0
2019-02-20,8031.0
2019-02-21,7333.0
2019-02-22,7822.0
2019-02-23,4819.0
2019-02-24,4470.0
2019-02-25,8101.0
2019-02-26,8101.0
2019-02-27,9707.0
2019-02-28,10196.0
2019-03-01,7333.0
2019-03-02,6006.0
2019-03-03,4260.0
2019-03-04,8660.0
2019-03-05,7403.0
2019-03-06,7891.0
2019-03-07,7333.0
2019-03-08,7403.0
2019-03-09,4470.0
2019-03-10,4051.0
2019-03-11,7123.0
2019-03-12,7263.0
2019-03-13,7682.0
2019-03-14,7612.0
2019-03-15,6984.0
2019-03-16,4609.0
2019-03-17,3282.0
2019-03-18,6285.0
2019-03-19,6495.0
2019-03-20,7123.0
2019-03-21,7752.0
2019-03-22,6704.0
2019-03-23,3841.0
2019-03-24,4330.0
2019-03-25,7333.0
2019-03-26,5796.0
2019-03-27,7403.0
2019-03-28,8311.0
2019-03-29,6425.0
2019-03-30,4400.0
2019-03-31,3771.0
2019-04-01,7263.0
2019-04-02,7961.0
2019-04-03,8031.0
2019-04-04,6634.0
2019-04-05,7053.0
2019-04-06,4051.0
2019-04-07,4330.0
2019-04-08,7123.0
2019-04-09,6774.0
2019-04-10,6984.0
2019-04-11,6634.0
2019-04-12,7472.0
2019-04-13,4749.0
2019-04-14,4330.0
2019-04-15,7123.0
2019-04-16,6146.0
2019-04-17,8101.0
2019-04-18,7123.0
2019-04-19,5168.0
2019-04-20,3562.0
2019-04-21,70.0
2019-04-22,3771.0
2019-04-23,5238.0
2019-04-24,6146.0
2019-04-25,6704.0
2019-04-26,6634.0
2019-04-27,4190.0
2019-04-28,3562.0
2019-04-29,6984.0
2019-04-30,7053.0
2019-05-01,7891.0
2019-05-02,8869.0
2019-05-03,6634.0
2019-05-04,4749.0
2019-05-05,4470.0
2019-05-06,8660.0
2019-05-07,7403.0
2019-05-08,7333.0
2019-05-09,8311.0
2019-05-10,6285.0
2019-05-11,4819.0
2019-05-12,3212.0
2019-05-13,5517.0
2019-05-14,6565.0
2019-05-15,7822.0
2019-05-16,6495.0
2019-05-17,5936.0
2019-05-18,3562.0
2019-05-19,2793.0
2019-05-20,6285.0
2019-05-21,5587.0
2019-05-22,6355.0
2019-05-23,6076.0
2019-05-24,5866.0
2019-05-25,3073.0
2019-05-26,3282.0
2019-05-27,4120.0
2019-05-28,6914.0
2019-05-29,8171.0
2019-05-30,8031.0
2019-05-31,6774.0
2019-06-01,4260.0
2019-06-02,4051.0
2019-06-03,8101.0
2019-06-04,6355.0
2019-06-05,7193.0
2019-06-06,7472.0
2019-06-07,6076.0
2019-06-08,3073.0
2019-06-09,3631.0
2019-06-10,6006.0
2019-06-11,7403.0
2019-06-12,8171.0
2019-06-13,6215.0
2019-06-14,7123.0
2019-06-15,4819.0
2019-06-16,2724.0
2019-06-17,7123.0
2019-06-18,7193.0
2019-06-19,5796.0
2019-06-20,7403.0
2019-06-21,7542.0
2019-06-22,3631.0
2019-06-23,3143.0
2019-06-24,6076.0
2019-06-25,5377.0
2019-06-26,6355.0
2019-06-27,7123.0
2019-06-28,6006.0
2019-06-29,4260.0
2019-06-30,2724.0
2019-07-01,7752.0
2019-07-02,6774.0
2019-07-03,6914.0
2019-07-04,3911.0
2019-07-05,5098.0
2019-07-06,3212.0
2019-07-07,3073.0
2019-07-08,6006.0
2019-07-09,6006.0
2019-07-10,6355.0
2019-07-11,7403.0
2019-07-12,7472.0
2019-07-13,3841.0
2019-07-14,2933.0
2019-07-15,7053.0
2019-07-16,6285.0
2019-07-17,5168.0
2019-07-18,5098.0
2019-07-19,4400.0
2019-07-20,3143.0
2019-07-21,3143.0
2019-07-22,5936.0
2019-07-23,4400.0
2019-07-24,5098.0
2019-07-25,6704.0
2019-07-26,6006.0
2019-07-27,3492.0
2019-07-28,3003.0
2019-07-29,5308.0
2019-07-30,5866.0
2019-07-31,5796.0
2019-08-01,6006.0
2019-08-02,5936.0
2019-08-03,3282.0
2019-08-04,3701.0
2019-08-05,6006.0
2019-08-06,5168.0
2019-08-07,6006.0
2019-08-08,6215.0
2019-08-09,5308.0
2019-08-10,4190.0
2019-08-11,2514.0
2019-08-12,6146.0
2019-08-13,6984.0
2019-08-14,5727.0
2019-08-15,8101.0
2019-08-16,4889.0
2019-08-17,3003.0
2019-08-18,3143.0
2019-08-19,4889.0
2019-08-20,5238.0
2019-08-21,5587.0
2019-08-22,6774.0
2019-08-23,5796.0
2019-08-24,3631.0
2019-08-25,2514.0
2019-08-26,6565.0
2019-08-27,5517.0
2019-08-28,6076.0
2019-08-29,6215.0
2019-08-30,4958.0
2019-08-31,3003.0
2019-09-01,2305.0
2019-09-02,4749.0
2019-09-03,7612.0
2019-09-04,6984.0
2019-09-05,6495.0
2019-09-06,7263.0
2019-09-07,3841.0
2019-09-08,2933.0
2019-09-09,6285.0
2019-09-10,4819.0
2019-09-11,4400.0
2019-09-12,6285.0
2019-09-13,5866.0
2019-09-14,3422.0
2019-09-15,2863.0
2019-09-16,6565.0
2019-09-17,5308.0
2019-09-18,5447.0
2019-09-19,5936.0
2019-09-20,5866.0
2019-09-21,3492.0
2019-09-22,2863.0
2019-09-23,5727.0
2019-09-24,5727.0
2019-09-25,5936.0
2019-09-26,6146.0
2019-09-27,5796.0
2019-09-28,4190.0
2019-09-29,2793.0
2019-09-30,5936.0
2019-10-01,6495.0
2019-10-02,5447.0
2019-10-03,6565.0
2019-10-04,4819.0
2019-10-05,3282.0
2019-10-06,3631.0
2019-10-07,6215.0
2019-10-08,5727.0
2019-10-09,5936.0
2019-10-10,6495.0
2019-10-11,6006.0
2019-10-12,3143.0
2019-10-13,2654.0
2019-10-14,5308.0
2019-10-15,5308.0
2019-10-16,5098.0
2019-10-17,6844.0
2019-10-18,5866.0
2019-10-19,3422.0
2019-10-20,2444.0
2019-10-21,6565.0
2019-10-22,4679.0
2019-10-23,6425.0
2019-10-24,6704.0
2019-10-25,4889.0
2019-10-26,3771.0
2019-10-27,2863.0
2019-10-28,5796.0
2019-10-29,5168.0
2019-10-30,4679.0
2019-10-31,5028.0
2019-11-01,5866.0
2019-11-02,3562.0
2019-11-03,2863.0
2019-11-04,5657.0
2019-11-05,5796.0
2019-11-06,6425.0
2019-11-07,5936.0
2019-11-08,6774.0
2019-11-09,3492.0
2019-11-10,2793.0
2019-11-11,5308.0
2019-11-12,6565.0
2019-11-13,9917.0
2019-11-14,6914.0
2019-11-15,5377.0
2019-11-16,3981.0
2019-11-17,3212.0
2019-11-18,6355.0
2019-11-19,5308.0
2019-11-20,5866.0
2019-11-21,6146.0
2019-11-22,5796.0
2019-11-23,3911.0
2019-11-24,3422.0
2019-11-25,7472.0
2019-11-26,6425.0
2019-11-27,6495.0
2019-11-28,3212.0
2019-11-29,5098.0
2019-11-30,5308.0
2019-12-01,3701.0
2019-12-02,8520.0
2019-12-03,6634.0
2019-12-04,7053.0
2019-12-05,6146.0
2019-12-06,5866.0
2019-12-07,4679.0
2019-12-08,3422.0
2019-12-09,5936.0
2019-12-10,5028.0
2019-12-11,6076.0
2019-12-12,6285.0
2019-12-13,4679.0
2019-12-14,4470.0
2019-12-15,3492.0
2019-12-16,7263.0
2019-12-17,6704.0
2019-12-18,6704.0
2019-12-19,8311.0
2019-12-20,7822.0
2019-12-21,5028.0
2019-12-22,3282.0
2019-12-23,6984.0
2019-12-24,4330.0
2019-12-25,3282.0
2019-12-26,6634.0
2019-12-27,6285.0
2019-12-28,4889.0
2019-12-29,3562.0
2019-12-30,6704.0
2019-12-31,5377.0
2020-01-01,4400.0
2020-01-02,8520.0
2020-01-03,6215.0
2020-01-04,4330.0
2020-01-05,2724.0
2020-01-06,6844.0
2020-01-07,6774.0
2020-01-08,6844.0
2020-01-09,7403.0
2020-01-10,6634.0
2020-01-11,4051.0
2020-01-12,3701.0
2020-01-13,6565.0
2020-01-14,6006.0
2020-01-15,7822.0
2020-01-16,8241.0
2020-01-17,6285.0
2020-01-18,3911.0
2020-01-19,3562.0
2020-01-20,6285.0
2020-01-21,7472.0
2020-01-22,6146.0
2020-01-23,6844.0
2020-01-24,5587.0
2020-01-25,3492.0
2020-01-26,3701.0
2020-01-27,8171.0
2020-01-28,7193.0
2020-01-29,8031.0
2020-01-30,6984.0
2020-01-31,6425.0
2020-02-01,4470.0
2020-02-02,3352.0
2020-02-03,8380.0
2020-02-04,8171.0
2020-02-05,8031.0
2020-02-06,6984.0
2020-02-07,6984.0
2020-02-08,4819.0
2020-02-09,4120.0
2020-02-10,8101.0
2020-02-11,5238.0
2020-02-12,7193.0
2020-02-13,7263.0
2020-02-14,7333.0
2020-02-15,4400.0
2020-02-16,4470.0
2020-02-17,6146.0
2020-02-18,7053.0
2020-02-19,8660.0
2020-02-20,4400.0
2020-02-21,7752.0
2020-02-22,4120.0
2020-02-23,4609.0
2020-02-24,7542.0
2020-02-25,7682.0
2020-02-26,7123.0
2020-02-27,7403.0
2020-02-28,6914.0
2020-02-29,4470.0
2020-03-01,4749.0
2020-03-02,8241.0
2020-03-03,7263.0
2020-03-04,8031.0
2020-03-05,8590.0
2020-03-06,7612.0
2020-03-07,5447.0
2020-03-08,3073.0
2020-03-09,8241.0
2020-03-10,5796.0
2020-03-11,6984.0
2020-03-12,8101.0
2020-03-13,5657.0
2020-03-14,3562.0
2020-03-15,3911.0
2020-03-16,8380.0
2020-03-17,6565.0
2020-03-18,7891.0
2020-03-19,8311.0
2020-03-20,7403.0
2020-03-21,5587.0
2020-03-22,4400.0
2020-03-23,8380.0
2020-03-24,7822.0
2020-03-25,7961.0
2020-03-26,9917.0
2020-03-27,8380.0
2020-03-28,6495.0
2020-03-29,4260.0
2020-03-30,10196.0
2020-03-31,10266.0
2020-04-01,9707.0
2020-04-02,10056.0
2020-04-03,9707.0
2020-04-04,6215.0
2020-04-05,4400.0
2020-04-06,8869.0
2020-04-07,8171.0
2020-04-08,7682.0
2020-04-09,9358.0
2020-04-10,7822.0
2020-04-11,5098.0
2020-04-12,3841.0
2020-04-13,33172.0
2020-04-14,16202.0
2020-04-15,18995.0
2020-04-16,12571.0
2020-04-17,10755.0
2020-04-18,6355.0
2020-04-19,5098.0
2020-04-20,10336.0
2020-04-21,9009.0
2020-04-22,9149.0
2020-04-23,8869.0
2020-04-24,8869.0
2020-04-25,5238.0
2020-04-26,3492.0
2020-04-27,9637.0
2020-04-28,8799.0
2020-04-29,7542.0
2020-04-30,9358.0
2020-05-01,8939.0
2020-05-02,6425.0
2020-05-03,3631.0
2020-05-04,9218.0
2020-05-05,8171.0
2020-05-06,7961.0
2020-05-07,7333.0
2020-05-08,8660.0
2020-05-09,4889.0
2020-05-10,2863.0
2020-05-11,9218.0
2020-05-12,8799.0
2020-05-13,9358.0
2020-05-14,9917.0
2020-05-15,8380.0
2020-05-16,5517.0
2020-05-17,4609.0
2020-05-18,8031.0
2020-05-19,8241.0
2020-05-20,7123.0
2020-05-21,7472.0
2020-05-22,7053.0
2020-05-23,4819.0
2020-05-24,3981.0
2020-05-25,5098.0
2020-05-26,9987.0
2020-05-27,7752.0
2020-05-28,8241.0
2020-05-29,9358.0
2020-05-30,5587.0
2020-05-31,4051.0
2020-06-01,9428.0
2020-06-02,8241.0
2020-06-03,8171.0
2020-06-04,7612.0
2020-06-05,7822.0
2020-06-06,3911.0
2020-06-07,3631.0
2020-06-08,8730.0
2020-06-09,7682.0
2020-06-10,6634.0
2020-06-11,8031.0
2020-06-12,7752.0
2020-06-13,4958.0
2020-06-14,3492.0
2020-06-15,7612.0
2020-06-16,6215.0
2020-06-17,6355.0
2020-06-18,6704.0
2020-06-19,7053.0
2020-06-20,4539.0
2020-06-21,4260.0
2020-06-22,7053.0
2020-06-23,8520.0
2020-06-24,7961.0
2020-06-25,6774.0
2020-06-26,6006.0
2020-06-27,4400.0
2020-06-28,4051.0
2020-06-29,6704.0
2020-06-30,8241.0
2020-07-01,6285.0
2020-07-02,7472.0
2020-07-03,4819.0
2020-07-04,3701.0
2020-07-05,4190.0
2020-07-06,7682.0
2020-07-07,8311.0
2020-07-08,8450.0
2020-07-09,9079.0
2020-07-10,8031.0
2020-07-11,4958.0
2020-07-12,4609.0
2020-07-13,7891.0
2020-07-14,7961.0
2020-07-15,7961.0
2020-07-16,7891.0
2020-07-17,7263.0
2020-07-18,4819.0
2020-07-19,3701.0
2020-07-20,6704.0
2020-07-21,7682.0
2020-07-22,7403.0
2020-07-23,6425.0
2020-07-24,6984.0
2020-07-25,5028.0
2020-07-26,4120.0
2020-07-27,7752.0
2020-07-28,8869.0
2020-07-29,8380.0
2020-07-30,8171.0
2020-07-31,7403.0
2020-08-01,5308.0
2020-08-02,4470.0
2020-08-03,8520.0
2020-08-04,8101.0
2020-08-05,7612.0
2020-08-06,7752.0
2020-08-07,6565.0
2020-08-08,4260.0
2020-08-09,3352.0
2020-08-10,7403.0
2020-08-11,7542.0
2020-08-12,8520.0
2020-08-13,8171.0
2020-08-14,6495.0
2020-08-15,4470.0
2020-08-16,3631.0
2020-08-17,8241.0
2020-08-18,6355.0
2020-08-19,6355.0
2020-08-20,6285.0
2020-08-21,6774.0
2020-08-22,4260.0
2020-08-23,3841.0
2020-08-24,7472.0
2020-08-25,7542.0
2020-08-26,6565.0
2020-08-27,7961.0
2020-08-28,6565.0
2020-08-29,3771.0
2020-08-30,4400.0
2020-08-31,8311.0
2020-09-01,9428.0
2020-09-02,7053.0
2020-09-03,7333.0
2020-09-04,5936.0
2020-09-05,4190.0
2020-09-06,3212.0
2020-09-07,3631.0
2020-09-08,7472.0
2020-09-09,6215.0
2020-09-10,6355.0
2020-09-11,6425.0
2020-09-12,3422.0
2020-09-13,2933.0
2020-09-14,6355.0
2020-09-15,6215.0
2020-09-16,6425.0
2020-09-17,7333.0
2020-09-18,5377.0
2020-09-19,3911.0
2020-09-20,2584.0
2020-09-21,5727.0
2020-09-22,4330.0
2020-09-23,5308.0
2020-09-24,6146.0
2020-09-25,4051.0
2020-09-26,3212.0
2020-09-27,3771.0
2020-09-28,7333.0
2020-09-29,7263.0
2020-09-30,6984.0
2020-10-01,5587.0
2020-10-02,6215.0
2020-10-03,3282.0
2020-10-04,3841.0
2020-10-05,6215.0
2020-10-06,6146.0
2020-10-07,6076.0
2020-10-08,7123.0
2020-10-09,5377.0
2020-10-10,3771.0
2020-10-11,3212.0
2020-10-12,5517.0
2020-10-13,6774.0
2020-10-14,6844.0
2020-10-15,7961.0
2020-10-16,7123.0
2020-10-17,4330.0
2020-10-18,3631.0
2020-10-19,6146.0
2020-10-20,4609.0
2020-10-21,5238.0
2020-10-22,5308.0
2020-10-23,5447.0
2020-10-24,2933.0
2020-10-25,2863.0
2020-10-26,6285.0
2020-10-27,5308.0
2020-10-28,5098.0
2020-10-29,5936.0
2020-10-30,5587.0
2020-10-31,3352.0
2020-11-01,3841.0
2020-11-02,6634.0
2020-11-03,5727.0
2020-11-04,5587.0
2020-11-05,5936.0
2020-11-06,4609.0
2020-11-07,3143.0
2020-11-08,2654.0
2020-11-09,5587.0
2020-11-10,5028.0
2020-11-11,6006.0
2020-11-12,12990.0
2020-11-13,6215.0
2020-11-14,5587.0
2020-11-15,3282.0
2020-11-16,6215.0
2020-11-17,5796.0
2020-11-18,5168.0
2020-11-19,6146.0
2020-11-20,6006.0
2020-11-21,4260.0
2020-11-22,3492.0
2020-11-23,7333.0
2020-11-24,5936.0
2020-11-25,5727.0
2020-11-26,3003.0
2020-11-27,5168.0
2020-11-28,5098.0
2020-11-29,3981.0
2020-11-30,6774.0
2020-12-01,9288.0
2020-12-02,7123.0
2020-12-03,7752.0
2020-12-04,6774.0
2020-12-05,3422.0
2020-12-06,3212.0
2020-12-07,7472.0
2020-12-08,6565.0
2020-12-09,5447.0
2020-12-10,6914.0
2020-12-11,6704.0
2020-12-12,4958.0
2020-12-13,3562.0
2020-12-14,6215.0
2020-12-15,7333.0
2020-12-16,7542.0
2020-12-17,6774.0
2020-12-18,6006.0
2020-12-19,4190.0
2020-12-20,2863.0
2020-12-21,6076.0
2020-12-22,6006.0
2020-12-23,6634.0
2020-12-24,3352.0
2020-12-25,2235.0
2020-12-26,3422.0
2020-12-27,2863.0
2020-12-28,5727.0
2020-12-29,7123.0
2020-12-30,17250.0
2020-12-31,8311.0
